id,name,group,area,chamber,start_date,end_date
4114,Adam Afriyie,Conservative Party,Windsor,House of Commons,2015,""
1688,Adam Holloway,Conservative Party,Gravesham,House of Commons,2015,""
1466,Adrian Bailey,Labour and Co-operative Party,West Bromwich West,House of Commons,2015,""
5921,Alan Brown,Scottish National Party (SNP),Kilmarnock and Loudoun,House of Commons,2015,""
2910,Alan Campbell,Labour Party,Tynemouth,House of Commons,2015,""
212,Alan Duncan,Conservative Party,Rutland and Melton,House of Commons,2015,""
3742,Alan Haselhurst,Conservative Party,Saffron Walden,House of Commons,2015,""
3966,Alan Johnson,Labour Party,Kingston upon Hull West and Hessle,House of Commons,2015,""
5017,Alan Mak,Conservative Party,Havant,House of Commons,2015,""
3458,Alan Meale,Labour Party,Mansfield,House of Commons,2015,""
3111,Alan Whitehead,Labour Party,"Southampton, Test",House of Commons,2015,""
3431,Alasdair McDonnell,SDLP (Social Democratic & Labour Party),Belfast South,House of Commons,2015,""
800,Albert Owen,Labour Party,Ynys Môn,House of Commons,2015,""
5023,Alberto Costa,Conservative Party,South Leicestershire,House of Commons,2015,""
4036,Alec Shelbrooke,Conservative Party,Elmet and Rothwell,House of Commons,2015,""
4176,Alex Chalk,Conservative Party,Cheltenham,House of Commons,2015,""
3622,Alex Cunningham,Labour Party,Stockton North,House of Commons,2015,""
4911,Alex Salmond,Scottish National Party (SNP),Gordon,House of Commons,2015,""
3649,Alison McGovern,Labour Party,Wirral South,House of Commons,2015,""
5784,Alison Thewliss,Scottish National Party (SNP),Glasgow Central,House of Commons,2015,""
1636,Alistair Burt,Conservative Party,North East Bedfordshire,House of Commons,2015,""
1331,Alistair Carmichael,Liberal Democrats,Orkney and Shetland,House of Commons,2015,""
3636,Alok Sharma,Conservative Party,Reading West,House of Commons,2015,""
1923,Alun Cairns,Conservative Party,Vale of Glamorgan,House of Commons,2015,""
4172,Amanda Milling,Conservative Party,Cannock Chase,House of Commons,2015,""
4183,Amanda Solloway,Conservative Party,Derby North,House of Commons,2015,""
519,Amber Rudd,Conservative Party,Hastings and Rye,House of Commons,2015,""
4210,Andrea Jenkyns,Conservative Party,Morley and Outwood,House of Commons,2015,""
2875,Andrea Leadsom,Conservative Party,South Northamptonshire,House of Commons,2015,""
722,Andrew Bingham,Conservative Party,High Peak,House of Commons,2015,""
1640,Andrew Bridgen,Conservative Party,North West Leicestershire,House of Commons,2015,""
632,Andrew Griffiths,Conservative Party,Burton,House of Commons,2015,""
3802,Andrew Gwynne,Labour Party,Denton and Reddish,House of Commons,2015,""
3152,Andrew Jones,Conservative Party,Harrogate and Knaresborough,House of Commons,2015,""
681,Andrew Mitchell,Conservative Party,Sutton Coldfield,House of Commons,2015,""
1022,Andrew Murrison,Conservative Party,South West Wiltshire,House of Commons,2015,""
1757,Andrew Percy,Conservative Party,Brigg and Goole,House of Commons,2015,""
784,Andrew Rosindell,Conservative Party,Romford,House of Commons,2015,""
1896,Andrew Selous,Conservative Party,South West Bedfordshire,House of Commons,2015,""
234,Andrew Slaughter,Labour Party,Hammersmith,House of Commons,2015,""
2208,Andrew Smith,Labour Party,Oxford East,House of Commons,2015,""
2871,Andrew Stephenson,Conservative Party,Pendle,House of Commons,2015,""
2515,Andrew Turner,Conservative Party,Isle of Wight,House of Commons,2015,""
491,Andrew Tyrie,Conservative Party,Chichester,House of Commons,2015,""
1290,Andy Burnham,Labour Party,Leigh,House of Commons,2015,""
5541,Andy McDonald,Labour Party,Middlesbrough,House of Commons,2015,""
6059,Angela Crawley,Scottish National Party (SNP),Lanark and Hamilton East,House of Commons,2015,""
2917,Angela Eagle,Labour Party,Wallasey,House of Commons,2015,""
5189,Angela Rayner,Labour Party,Ashton-under-Lyne,House of Commons,2015,""
2866,Angela Smith,Labour Party,Penistone and Stocksbridge,House of Commons,2015,""
3789,Angela Watkinson,Conservative Party,Hornchurch and Upminster,House of Commons,2015,""
3013,Angus MacNeil,Scottish National Party (SNP),Na h-Eileanan an Iar,House of Commons,2015,""
2751,Angus Robertson,Scottish National Party (SNP),Moray,House of Commons,2015,""
1866,Ann Clwyd,Labour Party,Cynon Valley,House of Commons,2015,""
223,Ann Coffey,Labour Party,Stockport,House of Commons,2015,""
4072,Anna Soubry,Conservative Party,Broxtowe,House of Commons,2015,""
4408,Anna Turley,Labour and Co-operative Party,Redcar,House of Commons,2015,""
2549,Anne Main,Conservative Party,St Albans,House of Commons,2015,""
1067,Anne Marie Morris,Conservative Party,Newton Abbot,House of Commons,2015,""
6048,Anne McLaughlin,Scottish National Party (SNP),Glasgow North East,House of Commons,2015,""
1018,Anne Milton,Conservative Party,Guildford,House of Commons,2015,""
189,Anne-Marie Trevelyan,Conservative Party,Berwick-upon-Tweed,House of Commons,2015,""
1904,Antoinette Sandbach,Conservative Party,Eddisbury,House of Commons,2015,""
2947,Barbara Keeley,Labour Party,Worsley and Eccles South,House of Commons,2015,""
2456,Barry Gardiner,Labour Party,Brent North,House of Commons,2015,""
2183,Barry Sheerman,Labour and Co-operative Party,Huddersfield,House of Commons,2015,""
4027,Ben Bradshaw,Labour Party,Exeter,House of Commons,2015,""
2835,Ben Gummer,Conservative Party,Ipswich,House of Commons,2015,""
4156,Ben Howlett,Conservative Party,Bath,House of Commons,2015,""
3238,Ben Wallace,Conservative Party,Wyre and Preston North,House of Commons,2015,""
517,Bernard Jenkin,Conservative Party,Harwich and North Essex,House of Commons,2015,""
2603,Bill Cash,Conservative Party,Stone,House of Commons,2015,""
1961,Bill Esterson,Labour Party,Sefton Central,House of Commons,2015,""
605,Bill Wiggin,Conservative Party,North Herefordshire,House of Commons,2015,""
227,Bob Blackman,Conservative Party,Harrow East,House of Commons,2015,""
1023,Bob Neill,Conservative Party,Bromley and Chislehurst,House of Commons,2015,""
4074,Bob Stewart,Conservative Party,Beckenham,House of Commons,2015,""
4546,Boris Johnson,Conservative Party,Uxbridge and South Ruislip,House of Commons,2015,""
3533,Brandon Lewis,Conservative Party,Great Yarmouth,House of Commons,2015,""
6044,Brendan O'Hara,Scottish National Party (SNP),Argyll and Bute,House of Commons,2015,""
3733,Bridget Phillipson,Labour Party,Houghton and Sunderland South,House of Commons,2015,""
3245,Byron Davies,Conservative Party,Gower,House of Commons,2015,""
6043,Callum McCaig,Scottish National Party (SNP),Aberdeen South,House of Commons,2015,""
6045,Calum Kerr,Scottish National Party (SNP),"Berwickshire, Roxburgh and Selkirk",House of Commons,2015,""
5878,Carol Monaghan,Scottish National Party (SNP),Glasgow North West,House of Commons,2015,""
4188,Caroline Ansell,Conservative Party,Eastbourne,House of Commons,2015,""
2937,Caroline Dinenage,Conservative Party,Gosport,House of Commons,2015,""
978,Caroline Flint,Labour Party,Don Valley,House of Commons,2015,""
571,Caroline Lucas,Green Party,"Brighton, Pavilion",House of Commons,2015,""
1123,Caroline Nokes,Conservative Party,Romsey and Southampton North,House of Commons,2015,""
1547,Caroline Spelman,Conservative Party,Meriden,House of Commons,2015,""
5787,Carolyn Harris,Labour Party,Swansea East,House of Commons,2015,""
2618,Cat Smith,Labour Party,Lancaster and Fleetwood,House of Commons,2015,""
2098,Catherine McKinnell,Labour Party,Newcastle upon Tyne North,House of Commons,2015,""
4357,Catherine West,Labour Party,Hornsey and Wood Green,House of Commons,2015,""
3600,Charles Walker,Conservative Party,Broxbourne,House of Commons,2015,""
2854,Charlie Elphicke,Conservative Party,Dover,House of Commons,2015,""
1152,Charlotte Leslie,Conservative Party,Bristol North West,House of Commons,2015,""
1015,Cheryl Gillan,Conservative Party,Chesham and Amersham,House of Commons,2015,""
3658,Chi Onwurah,Labour Party,Newcastle upon Tyne Central,House of Commons,2015,""
1684,Chloe Smith,Conservative Party,Norwich North,House of Commons,2015,""
3079,Chris Bryant,Labour Party,Rhondda,House of Commons,2015,""
4166,Chris Davies,Conservative Party,Brecon and Radnorshire,House of Commons,2015,""
2487,Chris Evans,Labour and Co-operative Party,Islwyn,House of Commons,2015,""
3284,Chris Grayling,Conservative Party,Epsom and Ewell,House of Commons,2015,""
4164,Chris Green,Conservative Party,Bolton West,House of Commons,2015,""
1729,Chris Heaton-Harris,Conservative Party,Daventry,House of Commons,2015,""
6020,Chris Law,Scottish National Party (SNP),Dundee West,House of Commons,2015,""
3549,Chris Leslie,Labour and Co-operative Party,Nottingham East,House of Commons,2015,""
4831,Chris Matheson,Labour Party,City of Chester,House of Commons,2015,""
513,Chris Philp,Conservative Party,Croydon South,House of Commons,2015,""
3745,Chris Skidmore,Conservative Party,Kingswood,House of Commons,2015,""
1812,Chris Stephens,Scottish National Party (SNP),Glasgow South West,House of Commons,2015,""
3487,Chris White,Conservative Party,Warwick and Leamington,House of Commons,2015,""
4564,Christina Rees,Labour Party,Neath,House of Commons,2015,""
596,Christopher Chope,Conservative Party,Christchurch,House of Commons,2015,""
3706,Christopher Pincher,Conservative Party,Tamworth,House of Commons,2015,""
2918,Chuka Umunna,Labour Party,Streatham,House of Commons,2015,""
1573,Claire Perry,Conservative Party,Devizes,House of Commons,2015,""
1074,Clive Betts,Labour Party,Sheffield South East,House of Commons,2015,""
4037,Clive Efford,Labour Party,Eltham,House of Commons,2015,""
4396,Clive Lewis,Labour Party,Norwich South,House of Commons,2015,""
4315,Colleen Fletcher,Labour Party,Coventry North East,House of Commons,2015,""
2433,Conor Burns,Conservative Party,Bournemouth West,House of Commons,2015,""
6209,Conor McGinn,Labour Party,St Helens North,House of Commons,2015,""
5927,Corri Wilson,Scottish National Party (SNP),"Ayr, Carrick and Cumnock",House of Commons,2015,""
4230,Craig Mackinlay,Conservative Party,South Thanet,House of Commons,2015,""
4219,Craig Tracey,Conservative Party,North Warwickshire,House of Commons,2015,""
438,Craig Whittaker,Conservative Party,Calder Valley,House of Commons,2015,""
4173,Craig Williams,Conservative Party,Cardiff North,House of Commons,2015,""
1641,Crispin Blunt,Conservative Party,Reigate,House of Commons,2015,""
1958,Damian Collins,Conservative Party,Folkestone and Hythe,House of Commons,2015,""
3486,Damian Green,Conservative Party,Ashford,House of Commons,2015,""
3449,Damian Hinds,Conservative Party,East Hampshire,House of Commons,2015,""
5266,Dan Jarvis,Labour Party,Barnsley Central,House of Commons,2015,""
1073,Daniel Kawczynski,Conservative Party,Shrewsbury and Atcham,House of Commons,2015,""
3250,Daniel Poulter,Conservative Party,Central Suffolk and North Ipswich,House of Commons,2015,""
45,Daniel Zeichner,Labour Party,Cambridge,House of Commons,2015,""
4709,Danny Kinahan,Ulster Unionist Party,South Antrim,House of Commons,2015,""
2570,David Amess,Conservative Party,Southend West,House of Commons,2015,""
2594,David Anderson,Labour Party,Blaydon,House of Commons,2015,""
4041,David Burrowes,Conservative Party,"Enfield, Southgate",House of Commons,2015,""
566,David Cameron,Conservative Party,Witney,House of Commons,2015,""
919,David Crausby,Labour Party,Bolton North East,House of Commons,2015,""
3827,David Davies,Conservative Party,Monmouth,House of Commons,2015,""
2885,David Davis,Conservative Party,Haltemprice and Howden,House of Commons,2015,""
135,David Evennett,Conservative Party,Bexleyheath and Crayford,House of Commons,2015,""
151,David Gauke,Conservative Party,South West Hertfordshire,House of Commons,2015,""
1869,David Hanson,Labour Party,Delyn,House of Commons,2015,""
3151,David Jones,Conservative Party,Clwyd West,House of Commons,2015,""
4875,David Lammy,Labour Party,Tottenham,House of Commons,2015,""
4099,David Lidington,Conservative Party,Aylesbury,House of Commons,2015,""
4221,David Mackintosh,Conservative Party,Northampton South,House of Commons,2015,""
2424,David Morris,Conservative Party,Morecambe and Lunesdale,House of Commons,2015,""
134,David Mowat,Conservative Party,Warrington South,House of Commons,2015,""
1592,David Mundell,Conservative Party,"Dumfriesshire, Clydesdale and Tweeddale",House of Commons,2015,""
621,David Nuttall,Conservative Party,Bury North,House of Commons,2015,""
2806,David Rutley,Conservative Party,Macclesfield,House of Commons,2015,""
1857,David Simpson,Democratic Unionist Party - D.U.P.,Upper Bann,House of Commons,2015,""
385,David Tredinnick,Conservative Party,Bosworth,House of Commons,2015,""
4226,David Warburton,Conservative Party,Somerton and Frome,House of Commons,2015,""
2485,David Winnick,Labour Party,Walsall North,House of Commons,2015,""
1474,Dawn Butler,Labour Party,Brent Central,House of Commons,2015,""
1862,Debbie Abrahams,Labour Party,Oldham East and Saddleworth,House of Commons,2015,""
6041,Deidre Brock,Scottish National Party (SNP),Edinburgh North and Leith,House of Commons,2015,""
2467,Dennis Skinner,Labour Party,Bolsover,House of Commons,2015,""
191,Derek Thomas,Conservative Party,St Ives,House of Commons,2015,""
1495,Derek Twigg,Labour Party,Halton,House of Commons,2015,""
195,Desmond Swayne,Conservative Party,New Forest West,House of Commons,2015,""
1861,Diana R. Johnson,Labour Party,Kingston upon Hull North,House of Commons,2015,""
2567,Diane Abbott,Labour Party,Hackney North and Stoke Newington,House of Commons,2015,""
3739,Dominic Grieve,Conservative Party,Beaconsfield,House of Commons,2015,""
3451,Dominic Raab,Conservative Party,Esher and Walton,House of Commons,2015,""
4665,Douglas Carswell,UK Independence Party (UKIP),Clacton,House of Commons,2015,""
6050,Douglas Chapman,Scottish National Party (SNP),Dunfermline and West Fife,House of Commons,2015,""
4915,Drew Hendry,Scottish National Party (SNP),"Inverness, Nairn, Badenoch and Strathspey",House of Commons,2015,""
3056,Ed Miliband,Labour Party,Doncaster North,House of Commons,2015,""
492,Ed Vaizey,Conservative Party,Wantage,House of Commons,2015,""
5798,Edward Argar,Conservative Party,Charnwood,House of Commons,2015,""
2014,Edward Garnier,Conservative Party,Harborough,House of Commons,2015,""
3556,Edward Leigh,Conservative Party,Gainsborough,House of Commons,2015,""
1104,Edward Timpson,Conservative Party,Crewe and Nantwich,House of Commons,2015,""
2044,Eilidh Whiteford,Scottish National Party (SNP),Banff and Buchan,House of Commons,2015,""
3755,Eleanor Laing,Conservative Party,Epping Forest,House of Commons,2015,""
188,Elizabeth Truss,Conservative Party,South West Norfolk,House of Commons,2015,""
2519,Emily Thornberry,Labour Party,Islington South and Finsbury,House of Commons,2015,""
5539,Emma Lewell-Buck,Labour Party,South Shields,House of Commons,2015,""
2148,Emma Reynolds,Labour Party,Wolverhampton North East,House of Commons,2015,""
2574,Eric Pickles,Conservative Party,Brentwood and Ongar,House of Commons,2015,""
736,Fabian Hamilton,Labour Party,Leeds North East,House of Commons,2015,""
551,Fiona Bruce,Conservative Party,Congleton,House of Commons,2015,""
644,Fiona Mactaggart,Labour Party,Slough,House of Commons,2015,""
1730,Flick Drummond,Conservative Party,Portsmouth South,House of Commons,2015,""
4601,Francie Molloy,Sinn Féin,Mid Ulster,House of Commons,2015,""
92,Frank Field,Labour Party,Birkenhead,House of Commons,2015,""
1700,Gareth Johnson,Conservative Party,Dartford,House of Commons,2015,""
1126,Gareth Thomas,Labour and Co-operative Party,Harrow West,House of Commons,2015,""
1683,Gary Streeter,Conservative Party,South West Devon,House of Commons,2015,""
4881,Gavin Barwell,Conservative Party,Croydon Central,House of Commons,2015,""
6054,Gavin Newlands,Scottish National Party (SNP),Paisley and Renfrewshire North,House of Commons,2015,""
4595,Gavin Robinson,Democratic Unionist Party - D.U.P.,Belfast East,House of Commons,2015,""
2805,Gavin Shuker,Labour and Co-operative Party,Luton South,House of Commons,2015,""
769,Gavin Williamson,Conservative Party,South Staffordshire,House of Commons,2015,""
3809,Geoffrey Clifton-Brown,Conservative Party,The Cotswolds,House of Commons,2015,""
552,Geoffrey Cox,Conservative Party,Torridge and West Devon,House of Commons,2015,""
1572,Geoffrey Robinson,Labour Party,Coventry North West,House of Commons,2015,""
3888,George Eustice,Conservative Party,Camborne and Redruth,House of Commons,2015,""
2827,George Freeman,Conservative Party,Mid Norfolk,House of Commons,2015,""
1557,George Hollingbery,Conservative Party,Meon Valley,House of Commons,2015,""
741,George Howarth,Labour Party,Knowsley,House of Commons,2015,""
838,George Kerevan,Scottish National Party (SNP),East Lothian,House of Commons,2015,""
3329,George Osborne,Conservative Party,Tatton,House of Commons,2015,""
3608,Geraint Davies,Labour and Co-operative Party,Swansea West,House of Commons,2015,""
3438,Gerald Howarth,Conservative Party,Aldershot,House of Commons,2015,""
5097,Gerald Jones,Labour Party,Merthyr Tydfil and Rhymney,House of Commons,2015,""
1849,Gerald Kaufman,Labour Party,"Manchester, Gorton",House of Commons,2015,""
91,Gisela Stuart,Labour Party,"Birmingham, Edgbaston",House of Commons,2015,""
3365,Gloria De Piero,Labour Party,Ashfield,House of Commons,2015,""
2754,Glyn Davies,Conservative Party,Montgomeryshire,House of Commons,2015,""
282,Gordon Henderson,Conservative Party,Sittingbourne and Sheppey,House of Commons,2015,""
1184,Gordon Marsden,Labour Party,Blackpool South,House of Commons,2015,""
3611,Graham Allen,Labour Party,Nottingham North,House of Commons,2015,""
1433,Graham Brady,Conservative Party,Altrincham and Sale West,House of Commons,2015,""
2092,Graham Evans,Conservative Party,Weaver Vale,House of Commons,2015,""
1913,Graham Jones,Labour Party,Hyndburn,House of Commons,2015,""
1179,Graham Stringer,Labour Party,Blackley and Broughton,House of Commons,2015,""
3370,Graham Stuart,Conservative Party,Beverley and Holderness,House of Commons,2015,""
1365,Grahame Morris,Labour Party,Easington,House of Commons,2015,""
2595,Grant Shapps,Conservative Party,Welwyn Hatfield,House of Commons,2015,""
1918,Greg Clark,Conservative Party,Tunbridge Wells,House of Commons,2015,""
590,Greg Hands,Conservative Party,Chelsea and Fulham,House of Commons,2015,""
2878,Greg Knight,Conservative Party,East Yorkshire,House of Commons,2015,""
985,Greg Mulholland,Liberal Democrats,Leeds North West,House of Commons,2015,""
2139,Gregory Campbell,Democratic Unionist Party - D.U.P.,East Londonderry,House of Commons,2015,""
1412,Guto Bebb,Conservative Party,Aberconwy,House of Commons,2015,""
2209,Guy Opperman,Conservative Party,Hexham,House of Commons,2015,""
6063,Hannah Bardell,Scottish National Party (SNP),Livingston,House of Commons,2015,""
3885,Harriet Harman,Labour Party,Camberwell and Peckham,House of Commons,2015,""
1476,Harriett Baldwin,Conservative Party,West Worcestershire,House of Commons,2015,""
4824,Harry Harpham,Labour Party,"Sheffield, Brightside and Hillsborough",House of Commons,2015,""
487,Heather Wheeler,Conservative Party,South Derbyshire,House of Commons,2015,""
1582,Heidi Alexander,Labour Party,Lewisham East,House of Commons,2015,""
4227,Heidi Allen,Conservative Party,South Cambridgeshire,House of Commons,2015,""
2906,Helen Goodman,Labour Party,Bishop Auckland,House of Commons,2015,""
2107,Helen Grant,Conservative Party,Maidstone and The Weald,House of Commons,2015,""
4322,Helen Hayes,Labour Party,Dulwich and West Norwood,House of Commons,2015,""
3482,Helen Jones,Labour Party,Warrington North,House of Commons,2015,""
4119,Helen Whately,Conservative Party,Faversham and Mid Kent,House of Commons,2015,""
1681,Henry Bellingham,Conservative Party,North West Norfolk,House of Commons,2015,""
4078,Henry Smith,Conservative Party,Crawley,House of Commons,2015,""
738,Hilary Benn,Labour Party,Leeds Central,House of Commons,2015,""
6919,Holly Walker-Lynch,Labour Party,Halifax,House of Commons,2015,""
194,Hugo Swire,Conservative Party,East Devon,House of Commons,2015,""
1026,Huw Irranca-Davies,Labour Party,Ogmore,House of Commons,2015,""
2210,Huw Merriman,Conservative Party,Bexhill and Battle,House of Commons,2015,""
2286,Hywel Williams,Plaid Cymru - The Party of Wales,Arfon,House of Commons,2015,""
308,Iain Duncan Smith,Conservative Party,Chingford and Woodford Green,House of Commons,2015,""
2180,Iain Stewart,Conservative Party,Milton Keynes South,House of Commons,2015,""
1137,Iain Wright,Labour Party,Hartlepool,House of Commons,2015,""
4148,Ian Austin,Labour Party,Dudley North,House of Commons,2015,""
5485,Ian Blackford,Scottish National Party (SNP),"Ross, Skye and Lochaber",House of Commons,2015,""
3057,Ian Lavery,Labour Party,Wansbeck,House of Commons,2015,""
1759,Ian Liddell-Grainger,Conservative Party,Bridgwater and West Somerset,House of Commons,2015,""
2943,Ian Lucas,Labour Party,Wrexham,House of Commons,2015,""
2657,Ian Mearns,Labour Party,Gateshead,House of Commons,2015,""
1116,Ian Murray,Labour Party,Edinburgh South,House of Commons,2015,""
2135,Ian Paisley Jnr,Democratic Unionist Party - D.U.P.,North Antrim,House of Commons,2015,""
4825,Imran Hussain,Labour Party,Bradford East,House of Commons,2015,""
3904,Ivan Lewis,Labour Party,Bury South,House of Commons,2015,""
3363,Jack Dromey,Labour Party,"Birmingham, Erdington",House of Commons,2015,""
104,Jack Lopresti,Conservative Party,Filton and Bradley Stoke,House of Commons,2015,""
4098,Jackie Doyle-Price,Conservative Party,Thurrock,House of Commons,2015,""
1612,Jacob Rees-Mogg,Conservative Party,North East Somerset,House of Commons,2015,""
4079,Jake Berry,Conservative Party,Rossendale and Darwen,House of Commons,2015,""
4201,James Berry,Conservative Party,Kingston and Surbiton,House of Commons,2015,""
2534,James Brokenshire,Conservative Party,Old Bexley and Sidcup,House of Commons,2015,""
4229,James Cartlidge,Conservative Party,South Suffolk,House of Commons,2015,""
5464,James Cleverly,Conservative Party,Braintree,House of Commons,2015,""
4241,James Davies,Conservative Party,Vale of Clwyd,House of Commons,2015,""
787,James Duddridge,Conservative Party,Rochford and Southend East,House of Commons,2015,""
3271,James Gray,Conservative Party,North Wiltshire,House of Commons,2015,""
4245,James Heappey,Conservative Party,Wells,House of Commons,2015,""
729,James Morris,Conservative Party,Halesowen and Rowley Regis,House of Commons,2015,""
4110,James Wharton,Conservative Party,Stockton South,House of Commons,2015,""
556,Jamie Reed,Labour Party,Copeland,House of Commons,2015,""
3433,Jane Ellison,Conservative Party,Battersea,House of Commons,2015,""
3383,Jason McCartney,Conservative Party,Colne Valley,House of Commons,2015,""
4378,Jeff Smith,Labour Party,"Manchester, Withington",House of Commons,2015,""
1858,Jeffrey M. Donaldson,Democratic Unionist Party - D.U.P.,Lagan Valley,House of Commons,2015,""
2001,Jenny Chapman,Labour Party,Darlington,House of Commons,2015,""
1120,Jeremy Corbyn,Labour Party,Islington North,House of Commons,2015,""
3155,Jeremy Hunt,Conservative Party,South West Surrey,House of Commons,2015,""
2877,Jeremy Lefroy,Conservative Party,Stafford,House of Commons,2015,""
6753,Jeremy Quin,Conservative Party,Horsham,House of Commons,2015,""
1604,Jeremy Wright,Conservative Party,Kenilworth and Southam,House of Commons,2015,""
4268,Jess Phillips,Labour Party,"Birmingham, Yardley",House of Commons,2015,""
3417,Jesse Norman,Conservative Party,Hereford and South Herefordshire,House of Commons,2015,""
1369,Jessica Morden,Labour Party,Newport East,House of Commons,2015,""
1867,Jim Cunningham,Labour Party,Coventry South,House of Commons,2015,""
1882,Jim Dowd,Labour Party,Lewisham West and Penge,House of Commons,2015,""
2884,Jim Fitzpatrick,Labour Party,Poplar and Limehouse,House of Commons,2015,""
3066,Jim Shannon,Democratic Unionist Party - D.U.P.,Strangford,House of Commons,2015,""
4657,Jo Churchill,Conservative Party,Bury St Edmunds,House of Commons,2015,""
4262,Jo Cox,Labour Party,Batley and Spen,House of Commons,2015,""
2204,Jo Johnson,Conservative Party,Orpington,House of Commons,2015,""
4293,Jo Stevens,Labour Party,Cardiff Central,House of Commons,2015,""
2104,Joan Ryan,Labour Party,Enfield North,House of Commons,2015,""
5912,Joanna Cherry,Scottish National Party (SNP),Edinburgh South West,House of Commons,2015,""
2580,John Baron,Conservative Party,Basildon and Billericay,House of Commons,2015,""
357,John Bercow,Speaker,Buckingham,House of Commons,2015,""
3601,John Cryer,Labour Party,Leyton and Wanstead,House of Commons,2015,""
155,John Glen,Conservative Party,Salisbury,House of Commons,2015,""
3445,John Hayes,Conservative Party,South Holland and The Deepings,House of Commons,2015,""
3361,John Healey,Labour Party,Wentworth and Dearne,House of Commons,2015,""
1682,John Howell,Conservative Party,Henley,House of Commons,2015,""
3654,John Mann,Labour Party,Bassetlaw,House of Commons,2015,""
1860,John Martin McDonnell,Labour Party,Hayes and Harlington,House of Commons,2015,""
1788,John McNally,Scottish National Party (SNP),Falkirk,House of Commons,2015,""
5926,John Nicolson,Scottish National Party (SNP),East Dunbartonshire,House of Commons,2015,""
1329,John Penrose,Conservative Party,Weston-Super-Mare,House of Commons,2015,""
2232,John Pugh,Liberal Democrats,Southport,House of Commons,2015,""
1611,John Redwood,Conservative Party,Wokingham,House of Commons,2015,""
3777,John Spellar,Labour Party,Warley,House of Commons,2015,""
2625,John Stevenson,Conservative Party,Carlisle,House of Commons,2015,""
765,John Whittingdale,Conservative Party,Maldon,House of Commons,2015,""
1813,John Woodcock,Labour and Co-operative Party,Barrow and Furness,House of Commons,2015,""
4223,Johnny Mercer,Conservative Party,"Plymouth, Moor View",House of Commons,2015,""
5545,Jon Ashworth,Labour and Co-operative Party,Leicester South,House of Commons,2015,""
288,Jon Cruddas,Labour Party,Dagenham and Rainham,House of Commons,2015,""
456,Jon Trickett,Labour Party,Hemsworth,House of Commons,2015,""
1910,Jonathan Djanogly,Conservative Party,Huntingdon,House of Commons,2015,""
3577,Jonathan Edwards,Plaid Cymru - The Party of Wales,Carmarthen East and Dinefwr,House of Commons,2015,""
2546,Jonathan Lord,Conservative Party,Woking,House of Commons,2015,""
1043,Jonathan Reynolds,Labour and Co-operative Party,Stalybridge and Hyde,House of Commons,2015,""
5600,Judith Cummins,Labour Party,Bradford South,House of Commons,2015,""
42,Julian Brazier,Conservative Party,Canterbury,House of Commons,2015,""
4225,Julian Knight,Conservative Party,Solihull,House of Commons,2015,""
2872,Julian Lewis,Conservative Party,New Forest East,House of Commons,2015,""
2798,Julian Smith,Conservative Party,Skipton and Ripon,House of Commons,2015,""
4113,Julian Sturdy,Conservative Party,York Outer,House of Commons,2015,""
627,Julie Cooper,Labour Party,Burnley,House of Commons,2015,""
3985,Julie Elliott,Labour Party,Sunderland Central,House of Commons,2015,""
4329,Justin Madders,Labour Party,Ellesmere Port and Neston,House of Commons,2015,""
190,Justin Tomlinson,Conservative Party,North Swindon,House of Commons,2015,""
4021,Justine Greening,Conservative Party,Putney,House of Commons,2015,""
1303,Karen Bradley,Conservative Party,Staffordshire Moorlands,House of Commons,2015,""
1311,Karen Buck,Labour Party,Westminster North,House of Commons,2015,""
1349,Karen Lumley,Conservative Party,Redditch,House of Commons,2015,""
4280,Karin Smyth,Labour Party,Bristol South,House of Commons,2015,""
1886,Karl McCartney,Conservative Party,Lincoln,House of Commons,2015,""
2684,Karl Turner,Labour Party,Kingston upon Hull East,House of Commons,2015,""
3659,Kate Green,Labour Party,Stretford and Urmston,House of Commons,2015,""
2914,Kate Hoey,Labour Party,Vauxhall,House of Commons,2015,""
4269,Kate Hollern,Labour Party,Blackburn,House of Commons,2015,""
6425,Kate Osamor,Labour and Co-operative Party,Edmonton,House of Commons,2015,""
5077,Keir Starmer,Labour Party,Holborn and St Pancras,House of Commons,2015,""
1807,Keith Simpson,Conservative Party,Broadland,House of Commons,2015,""
427,Keith Vaz,Labour Party,Leicester East,House of Commons,2015,""
4224,Kelly Tolhurst,Conservative Party,Rochester and Strood,House of Commons,2015,""
1718,Kelvin Hopkins,Labour Party,Luton North,House of Commons,2015,""
3609,Kenneth Clarke,Conservative Party,Rushcliffe,House of Commons,2015,""
893,Kerry McCarthy,Labour Party,Bristol East,House of Commons,2015,""
4025,Kevan Jones,Labour Party,North Durham,House of Commons,2015,""
3080,Kevin Barron,Labour Party,Rother Valley,House of Commons,2015,""
2628,Kevin Brennan,Labour Party,Cardiff West,House of Commons,2015,""
2830,Kevin Foster,Conservative Party,Torbay,House of Commons,2015,""
4236,Kevin Hollinrake,Conservative Party,Thirsk and Malton,House of Commons,2015,""
3367,Khalid Mahmood,Labour Party,"Birmingham, Perry Barr",House of Commons,2015,""
5554,Kirsten Oswald,Scottish National Party (SNP),East Renfrewshire,House of Commons,2015,""
6042,Kirsty Blackman,Scottish National Party (SNP),Aberdeen North,House of Commons,2015,""
5272,Kit Malthouse,Conservative Party,North West Hampshire,House of Commons,2015,""
1607,Kris Hopkins,Conservative Party,Keighley,House of Commons,2015,""
3840,Kwasi Kwarteng,Conservative Party,Spelthorne,House of Commons,2015,""
1900,Laurence Robertson,Conservative Party,Tewkesbury,House of Commons,2015,""
3962,Liam Byrne,Labour Party,"Birmingham, Hodge Hill",House of Commons,2015,""
451,Liam Fox,Conservative Party,North Somerset,House of Commons,2015,""
1925,Lilian Greenwood,Labour Party,Nottingham South,House of Commons,2015,""
595,Lindsay Hoyle,Labour Party,Chorley,House of Commons,2015,""
6047,Lisa Cameron,Scottish National Party (SNP),"East Kilbride, Strathaven and Lesmahagow",House of Commons,2015,""
2241,Lisa Nandy,Labour Party,Wigan,House of Commons,2015,""
1292,Liz Kendall,Labour Party,Leicester West,House of Commons,2015,""
5288,Liz McInnes,Labour Party,Heywood and Middleton,House of Commons,2015,""
4970,Liz Saville Roberts,Plaid Cymru - The Party of Wales,Dwyfor Meirionnydd,House of Commons,2015,""
2159,Louise Ellman,Labour and Co-operative Party,"Liverpool, Riverside",House of Commons,2015,""
4421,Louise Haigh,Labour Party,"Sheffield, Heeley",House of Commons,2015,""
2709,Luciana Berger,Labour and Co-operative Party,"Liverpool, Wavertree",House of Commons,2015,""
4235,Lucy Allan,Conservative Party,Telford,House of Commons,2015,""
4228,Lucy Frazer,Conservative Party,South East Cambridgeshire,House of Commons,2015,""
1570,Lucy Powell,Labour and Co-operative Party,Manchester Central,House of Commons,2015,""
4237,Luke Hall,Conservative Party,Thornbury and Yate,House of Commons,2015,""
2259,Lyn Brown,Labour Party,West Ham,House of Commons,2015,""
2455,Madeleine Moon,Labour Party,Bridgend,House of Commons,2015,""
3437,Maggie Throup,Conservative Party,Erewash,House of Commons,2015,""
4251,Marcus Fysh,Conservative Party,Yeovil,House of Commons,2015,""
1648,Marcus Jones,Conservative Party,Nuneaton,House of Commons,2015,""
3393,Margaret Beckett,Labour Party,Derby South,House of Commons,2015,""
5918,Margaret Ferrier,Scottish National Party (SNP),Rutherglen and Hamilton West,House of Commons,2015,""
4469,Margaret Greenwood,Labour Party,Wirral West,House of Commons,2015,""
807,Margaret Hodge,Labour Party,Barking,House of Commons,2015,""
980,Margaret Ritchie,SDLP (Social Democratic & Labour Party),South Down,House of Commons,2015,""
2600,Margot James,Conservative Party,Stourbridge,House of Commons,2015,""
897,Maria Caulfield,Conservative Party,Lewes,House of Commons,2015,""
2234,Maria Eagle,Labour Party,Garston and Halewood,House of Commons,2015,""
2525,Maria Miller,Conservative Party,Basingstoke,House of Commons,2015,""
4437,Marie Rimmer,Labour Party,St Helens South and Whiston,House of Commons,2015,""
6052,Marion Fellows,Scottish National Party (SNP),Motherwell and Wishaw,House of Commons,2015,""
2137,Mark Durkan,SDLP (Social Democratic & Labour Party),Foyle,House of Commons,2015,""
600,Mark Field,Conservative Party,Cities of London and Westminster,House of Commons,2015,""
449,Mark Francois,Conservative Party,Rayleigh and Wickford,House of Commons,2015,""
1207,Mark Garnier,Conservative Party,Wyre Forest,House of Commons,2015,""
2346,Mark Harper,Conservative Party,Forest of Dean,House of Commons,2015,""
3878,Mark Hendrick,Labour and Co-operative Party,Preston,House of Commons,2015,""
3555,Mark Lancaster,Conservative Party,Milton Keynes North,House of Commons,2015,""
1338,Mark Menzies,Conservative Party,Fylde,House of Commons,2015,""
202,Mark Pawsey,Conservative Party,Rugby,House of Commons,2015,""
3199,Mark Prisk,Conservative Party,Hertford and Stortford,House of Commons,2015,""
1616,Mark Pritchard,Conservative Party,The Wrekin,House of Commons,2015,""
4073,Mark Spencer,Conservative Party,Sherwood,House of Commons,2015,""
688,Mark Tami,Labour Party,Alyn and Deeside,House of Commons,2015,""
15,Mark Williams,Liberal Democrats,Ceredigion,House of Commons,2015,""
6056,Martin Docherty,Scottish National Party (SNP),West Dunbartonshire,House of Commons,2015,""
495,Martin Vickers,Conservative Party,Cleethorpes,House of Commons,2015,""
6053,Martyn Day,Scottish National Party (SNP),Linlithgow and East Falkirk,House of Commons,2015,""
2655,Mary Creagh,Labour Party,Wakefield,House of Commons,2015,""
2144,Mary Glindon,Labour Party,North Tyneside,House of Commons,2015,""
4175,Mary Robinson,Conservative Party,Cheadle,House of Commons,2015,""
5455,Matt Warman,Conservative Party,Boston and Skegness,House of Commons,2015,""
3737,Matthew Hancock,Conservative Party,West Suffolk,House of Commons,2015,""
1323,Matthew Offord,Conservative Party,Hendon,House of Commons,2015,""
4343,Matthew Pennycook,Labour Party,Greenwich and Woolwich,House of Commons,2015,""
2563,Meg Hillier,Labour and Co-operative Party,Hackney South and Shoreditch,House of Commons,2015,""
197,Mel Stride,Conservative Party,Central Devon,House of Commons,2015,""
4846,Melanie Onn,Labour Party,Great Grimsby,House of Commons,2015,""
6055,Mhairi Black,Scottish National Party (SNP),Paisley and Renfrewshire South,House of Commons,2015,""
2072,Michael Dugher,Labour Party,Barnsley East,House of Commons,2015,""
1066,Michael Ellis,Conservative Party,Northampton North,House of Commons,2015,""
455,Michael Fabricant,Conservative Party,Lichfield,House of Commons,2015,""
2832,Michael Fallon,Conservative Party,Sevenoaks,House of Commons,2015,""
4014,Michael Gove,Conservative Party,Surrey Heath,House of Commons,2015,""
2202,Michael Meacher,Labour Party,Oldham West and Royton,House of Commons,2015,""
4207,Michael Tomlinson,Conservative Party,Mid Dorset and North Poole,House of Commons,2015,""
2288,Michael Weir,Scottish National Party (SNP),Angus,House of Commons,2015,""
3938,Michelle Donelan,Conservative Party,Chippenham,House of Commons,2015,""
5922,Michelle Thomson,Scottish National Party (SNP),Edinburgh West,House of Commons,2015,""
4600,Mickey Brady,Sinn Féin,Newry and Armagh,House of Commons,2015,""
3770,Mike Freer,Conservative Party,Finchley and Golders Green,House of Commons,2015,""
2977,Mike Gapes,Labour and Co-operative Party,Ilford South,House of Commons,2015,""
5544,Mike Kane,Labour Party,Wythenshawe and Sale East,House of Commons,2015,""
1330,Mike Penning,Conservative Party,Hemel Hempstead,House of Commons,2015,""
4687,Mike Wood,Conservative Party,Dudley South,House of Commons,2015,""
4189,Mims Davies,Conservative Party,Eastleigh,House of Commons,2015,""
75,Nadhim Zahawi,Conservative Party,Stratford-on-Avon,House of Commons,2015,""
731,Nadine Dorries,Conservative Party,Mid Bedfordshire,House of Commons,2015,""
6528,Naseem Shah,Labour Party,Bradford West,House of Commons,2015,""
5913,Natalie McGarry,Scottish National Party (SNP),Glasgow East,House of Commons,2015,""
146,Natascha Engel,Labour Party,North East Derbyshire,House of Commons,2015,""
2922,Neil Carmichael,Conservative Party,Stroud,House of Commons,2015,""
4264,Neil Coyle,Labour Party,Bermondsey and Old Southwark,House of Commons,2015,""
6031,Neil Gray,Scottish National Party (SNP),Airdrie and Shotts,House of Commons,2015,""
1638,Neil Parish,Conservative Party,Tiverton and Honiton,House of Commons,2015,""
248,Nia Griffith,Labour Party,Llanelli,House of Commons,2015,""
3525,Nicholas Boles,Conservative Party,Grantham and Stamford,House of Commons,2015,""
3663,Nicholas Dakin,Labour Party,Scunthorpe,House of Commons,2015,""
4071,Nicholas Soames,Conservative Party,Mid Sussex,House of Commons,2015,""
1376,Nick Brown,Labour Party,Newcastle upon Tyne East,House of Commons,2015,""
254,Nick Clegg,Liberal Democrats,"Sheffield, Hallam",House of Commons,2015,""
918,Nick Gibb,Conservative Party,Bognor Regis and Littlehampton,House of Commons,2015,""
3229,Nick Herbert,Conservative Party,Arundel and South Downs,House of Commons,2015,""
82,Nick Hurd,Conservative Party,"Ruislip, Northwood and Pinner",House of Commons,2015,""
3908,Nick Smith,Labour Party,Blaenau Gwent,House of Commons,2015,""
6689,Nick Thomas-Symonds,Labour Party,Torfaen,House of Commons,2015,""
2783,Nicky Morgan,Conservative Party,Loughborough,House of Commons,2015,""
3139,Nicola Blackwood,Conservative Party,Oxford West and Abingdon,House of Commons,2015,""
1959,Nigel Adams,Conservative Party,Selby and Ainsty,House of Commons,2015,""
2140,Nigel Dodds,Democratic Unionist Party - D.U.P.,Belfast North,House of Commons,2015,""
499,Nigel Evans,Conservative Party,Ribble Valley,House of Commons,2015,""
2493,Nigel Huddleston,Conservative Party,Mid Worcestershire,House of Commons,2015,""
1016,Nigel Mills,Conservative Party,Amber Valley,House of Commons,2015,""
643,Norman Lamb,Liberal Democrats,North Norfolk,House of Commons,2015,""
85,Nusrat Ghani,Conservative Party,Wealden,House of Commons,2015,""
1931,Oliver Colvile,Conservative Party,"Plymouth, Sutton and Devonport",House of Commons,2015,""
4796,Oliver Dowden,Conservative Party,Hertsmere,House of Commons,2015,""
3446,Oliver Heald,Conservative Party,North East Hertfordshire,House of Commons,2015,""
2256,Oliver Letwin,Conservative Party,West Dorset,House of Commons,2015,""
1325,Owen Paterson,Conservative Party,North Shropshire,House of Commons,2015,""
2720,Owen Smith,Labour Party,Pontypridd,House of Commons,2015,""
6051,Owen Thompson,Scottish National Party (SNP),Midlothian,House of Commons,2015,""
2136,Pat Doherty,Sinn Féin,West Tyrone,House of Commons,2015,""
2095,Pat Glass,Labour Party,North West Durham,House of Commons,2015,""
2796,Pat McFadden,Labour Party,Wolverhampton South East,House of Commons,2015,""
2706,Patricia Gibson,Scottish National Party (SNP),North Ayrshire and Arran,House of Commons,2015,""
1952,Patrick Grady,Scottish National Party (SNP),Glasgow North,House of Commons,2015,""
2213,Patrick McLoughlin,Conservative Party,Derbyshire Dales,House of Commons,2015,""
3051,Paul Beresford,Conservative Party,Mole Valley,House of Commons,2015,""
178,Paul Blomfield,Labour Party,Sheffield Central,House of Commons,2015,""
2041,Paul Farrelly,Labour Party,Newcastle-under-Lyme,House of Commons,2015,""
4024,Paul Flynn,Labour Party,Newport West,House of Commons,2015,""
4603,Paul Maskey,Sinn Féin,Belfast West,House of Commons,2015,""
1176,Paul Maynard,Conservative Party,Blackpool North and Cleveleys,House of Commons,2015,""
5923,Paul Monaghan,Scottish National Party (SNP),"Caithness, Sutherland and Easter Ross",House of Commons,2015,""
4233,Paul Scully,Conservative Party,Sutton and Cheam,House of Commons,2015,""
4319,Paula Sherriff,Labour Party,Dewsbury,House of Commons,2015,""
1967,Pauline Latham,Conservative Party,Mid Derbyshire,House of Commons,2015,""
1692,Penny Mordaunt,Conservative Party,Portsmouth North,House of Commons,2015,""
2419,Pete Wishart,Scottish National Party (SNP),Perth and North Perthshire,House of Commons,2015,""
1808,Peter Aldous,Conservative Party,Waveney,House of Commons,2015,""
1690,Peter Bone,Conservative Party,Wellingborough,House of Commons,2015,""
1642,Peter Bottomley,Conservative Party,Worthing West,House of Commons,2015,""
5191,Peter Dowd,Labour Party,Bootle,House of Commons,2015,""
6049,Peter Grant,Scottish National Party (SNP),Glenrothes,House of Commons,2015,""
4214,Peter Heaton-Jones,Conservative Party,North Devon,House of Commons,2015,""
4358,Peter Kyle,Labour Party,Hove,House of Commons,2015,""
645,Peter Lilley,Conservative Party,Hitchin and Harpenden,House of Commons,2015,""
6281,Phil Boswell,Scottish National Party (SNP),"Coatbridge, Chryston and Bellshill",House of Commons,2015,""
174,Phil Wilson,Labour Party,Sedgefield,House of Commons,2015,""
835,Philip Davies,Conservative Party,Shipley,House of Commons,2015,""
2490,Philip Dunne,Conservative Party,Ludlow,House of Commons,2015,""
3734,Philip Hammond,Conservative Party,Runnymede and Weybridge,House of Commons,2015,""
1768,Philip Hollobone,Conservative Party,Kettering,House of Commons,2015,""
5919,Philippa Whitford,Scottish National Party (SNP),Central Ayrshire,House of Commons,2015,""
2876,Phillip Lee,Conservative Party,Bracknell,House of Commons,2015,""
1326,Priti Patel,Conservative Party,Witham,House of Commons,2015,""
6364,Rachael Maskell,Labour and Co-operative Party,York Central,House of Commons,2015,""
1299,Rachel Reeves,Labour Party,Leeds West,House of Commons,2015,""
4217,Ranil Jayawardena,Conservative Party,North East Hampshire,House of Commons,2015,""
3256,Rebecca Harris,Conservative Party,Castle Point,House of Commons,2015,""
5749,Rebecca Long-Bailey,Labour Party,Salford and Eccles,House of Commons,2015,""
4234,Rebecca Pow,Conservative Party,Taunton Deane,House of Commons,2015,""
2225,Rehman Chishti,Conservative Party,Gillingham and Rainham,House of Commons,2015,""
5920,Richard Arkless,Scottish National Party (SNP),Dumfries and Galloway,House of Commons,2015,""
235,Richard Bacon,Conservative Party,South Norfolk,House of Commons,2015,""
2040,Richard Benyon,Conservative Party,Newbury,House of Commons,2015,""
3368,Richard Burden,Labour Party,"Birmingham, Northfield",House of Commons,2015,""
4369,Richard Burgon,Labour Party,Leeds East,House of Commons,2015,""
2850,Richard Drax,Conservative Party,South Dorset,House of Commons,2015,""
2925,Richard Fuller,Conservative Party,Bedford,House of Commons,2015,""
3224,Richard Graham,Conservative Party,Gloucester,House of Commons,2015,""
1980,Richard Harrington,Conservative Party,Watford,House of Commons,2015,""
5371,Rishi Sunak,Conservative Party,Richmond (Yorks),House of Commons,2015,""
3387,Rob Flello,Labour Party,Stoke-on-Trent South,House of Commons,2015,""
3818,Rob Marris,Labour Party,Wolverhampton South West,House of Commons,2015,""
1040,Rob Wilson,Conservative Party,Reading East,House of Commons,2015,""
1643,Robert Buckland,Conservative Party,South Swindon,House of Commons,2015,""
182,Robert Goodwill,Conservative Party,Scarborough and Whitby,House of Commons,2015,""
3741,Robert Halfon,Conservative Party,Harlow,House of Commons,2015,""
5031,Robert Jenrick,Conservative Party,Newark,House of Commons,2015,""
193,Robert Syms,Conservative Party,Poole,House of Commons,2015,""
319,Roberta Blackman-Woods,Labour Party,City of Durham,House of Commons,2015,""
496,Robin Walker,Conservative Party,Worcester,House of Commons,2015,""
995,Roger Gale,Conservative Party,North Thanet,House of Commons,2015,""
3955,Roger Godsiff,Labour Party,"Birmingham, Hall Green",House of Commons,2015,""
5553,Roger Mullin,Scottish National Party (SNP),Kirkcaldy and Cowdenbeath,House of Commons,2015,""
1185,Ronnie Campbell,Labour Party,Blyth Valley,House of Commons,2015,""
6058,Ronnie Cowan,Scottish National Party (SNP),Inverclyde,House of Commons,2015,""
2863,Rory Stewart,Conservative Party,Penrith and The Border,House of Commons,2015,""
4066,Rosie Cooper,Labour Party,West Lancashire,House of Commons,2015,""
1873,Rosie Winterton,Labour Party,Doncaster Central,House of Commons,2015,""
3462,Royston Smith,Conservative Party,"Southampton, Itchen",House of Commons,2015,""
4326,Rupa Huq,Labour Party,Ealing Central and Acton,House of Commons,2015,""
143,Rushanara Ali,Labour Party,Bethnal Green and Bow,House of Commons,2015,""
4275,Ruth Cadbury,Labour Party,Brentford and Isleworth,House of Commons,2015,""
3979,Ruth Smeeth,Labour Party,Stoke-on-Trent North,House of Commons,2015,""
3385,Sadiq Khan,Labour Party,Tooting,House of Commons,2015,""
349,Sajid Javid,Conservative Party,Bromsgrove,House of Commons,2015,""
3936,Sam Gyimah,Conservative Party,East Surrey,House of Commons,2015,""
1364,Sammy Wilson,Democratic Unionist Party - D.U.P.,East Antrim,House of Commons,2015,""
5542,Sarah Champion,Labour Party,Rotherham,House of Commons,2015,""
844,Sarah Newton,Conservative Party,Truro and Falmouth,House of Commons,2015,""
548,Sarah Wollaston,Conservative Party,Totnes,House of Commons,2015,""
4213,Scott Mann,Conservative Party,North Cornwall,House of Commons,2015,""
4104,Seema Kennedy,Conservative Party,South Ribble,House of Commons,2015,""
4892,Seema Malhotra,Labour and Co-operative Party,Feltham and Heston,House of Commons,2015,""
216,Shabana Mahmood,Labour Party,"Birmingham, Ladywood",House of Commons,2015,""
489,Shailesh Vara,Conservative Party,North West Cambridgeshire,House of Commons,2015,""
3067,Sharon Hodgson,Labour Party,Washington and Sunderland West,House of Commons,2015,""
1021,Sheryll Murray,Conservative Party,South East Cornwall,House of Commons,2015,""
2555,Simon Burns,Conservative Party,Chelmsford,House of Commons,2015,""
500,Simon Danczuk,Labour Party,Rochdale,House of Commons,2015,""
3579,Simon Hart,Conservative Party,Carmarthen West and South Pembrokeshire,House of Commons,2015,""
5986,Simon Hoare,Conservative Party,North Dorset,House of Commons,2015,""
900,Simon Kirby,Conservative Party,"Brighton, Kemptown",House of Commons,2015,""
3048,Siobhain McDonagh,Labour Party,Mitcham and Morden,House of Commons,2015,""
3774,Stella Creasy,Labour and Co-operative Party,Walthamstow,House of Commons,2015,""
239,Stephen Barclay,Conservative Party,North East Cambridgeshire,House of Commons,2015,""
425,Stephen Crabb,Conservative Party,Preseli Pembrokeshire,House of Commons,2015,""
5546,Stephen Doughty,Labour and Co-operative Party,Cardiff South and Penarth,House of Commons,2015,""
5925,Stephen Gethins,Scottish National Party (SNP),North East Fife,House of Commons,2015,""
2253,Stephen Hammond,Conservative Party,Wimbledon,House of Commons,2015,""
448,Stephen Hepburn,Labour Party,Jarrow,House of Commons,2015,""
4252,Stephen Kinnock,Labour Party,Aberavon,House of Commons,2015,""
2214,Stephen McPartland,Conservative Party,Stevenage,House of Commons,2015,""
2211,Stephen Metcalfe,Conservative Party,South Basildon and East Thurrock,House of Commons,2015,""
822,Stephen Philip Rotheram,Labour Party,"Liverpool, Walton",House of Commons,2015,""
1618,Stephen Phillips,Conservative Party,Sleaford and North Hykeham,House of Commons,2015,""
983,Stephen Timms,Labour Party,East Ham,House of Commons,2015,""
2469,Stephen Twigg,Labour and Co-operative Party,"Liverpool, West Derby",House of Commons,2015,""
1009,Steve Brine,Conservative Party,Winchester,House of Commons,2015,""
4231,Steve Double,Conservative Party,St Austell and Newquay,House of Commons,2015,""
1230,Steve McCabe,Labour Party,"Birmingham, Selly Oak",House of Commons,2015,""
2147,Steve Pound,Labour Party,Ealing North,House of Commons,2015,""
5372,Steve Reed,Labour and Co-operative Party,Croydon North,House of Commons,2015,""
1481,Steven Baker,Conservative Party,Wycombe,House of Commons,2015,""
5448,Steven Paterson,Scottish National Party (SNP),Stirling,House of Commons,2015,""
1046,Stewart Hosie,Scottish National Party (SNP),Dundee East,House of Commons,2015,""
3160,Stewart Jackson,Conservative Party,Peterborough,House of Commons,2015,""
5173,Stewart McDonald,Scottish National Party (SNP),Glasgow South,House of Commons,2015,""
1985,Stuart Andrew,Conservative Party,Pudsey,House of Commons,2015,""
6057,Stuart Donaldson,Scottish National Party (SNP),West Aberdeenshire and Kincardine,House of Commons,2015,""
5172,Stuart McDonald,Scottish National Party (SNP),"Cumbernauld, Kilsyth and Kirkintilloch East",House of Commons,2015,""
6275,Sue Hayman,Labour Party,Workington,House of Commons,2015,""
6499,Suella Fernandes,Conservative Party,Fareham,House of Commons,2015,""
2700,Susan Elan Jones,Labour Party,Clwyd South,House of Commons,2015,""
3877,Sylvia Hermon,Independent,North Down,House of Commons,2015,""
4240,Tania Mathias,Conservative Party,Twickenham,House of Commons,2015,""
5924,Tasmina Sheikh,Scottish National Party (SNP),Ochil and South Perthshire,House of Commons,2015,""
3749,Teresa Pearce,Labour Party,Erith and Thamesmead,House of Commons,2015,""
4281,Thangam Debbonaire,Labour Party,Bristol West,House of Commons,2015,""
2811,Theresa May,Conservative Party,Maidenhead,House of Commons,2015,""
3369,Theresa Villiers,Conservative Party,Chipping Barnet,House of Commons,2015,""
84,Therese Coffey,Conservative Party,Suffolk Coastal,House of Commons,2015,""
4238,Thomas Tugendhat,Conservative Party,Tonbridge and Malling,House of Commons,2015,""
1316,Tim Farron,Liberal Democrats,Westmorland and Lonsdale,House of Commons,2015,""
2545,Tim Loughton,Conservative Party,East Worthing and Shoreham,House of Commons,2015,""
384,Tobias Ellwood,Conservative Party,Bournemouth East,House of Commons,2015,""
582,Toby Perkins,Labour Party,Chesterfield,House of Commons,2015,""
1277,Tom Blenkinsop,Labour Party,Middlesbrough South and East Cleveland,House of Commons,2015,""
3585,Tom Brake,Liberal Democrats,Carshalton and Wallington,House of Commons,2015,""
4933,Tom Elliott,Ulster Unionist Party,Fermanagh and South Tyrone,House of Commons,2015,""
4180,Tom Pursglove,Conservative Party,Corby,House of Commons,2015,""
2252,Tom Watson,Labour Party,West Bromwich East,House of Commons,2015,""
5795,Tommy Sheppard,Scottish National Party (SNP),Edinburgh East,House of Commons,2015,""
3857,Tracey Crouch,Conservative Party,Chatham and Aylesford,House of Commons,2015,""
431,Tristram Hunt,Labour Party,Stoke-on-Trent Central,House of Commons,2015,""
4346,Tulip Siddiq,Labour Party,Hampstead and Kilburn,House of Commons,2015,""
816,Valerie Vaz,Labour Party,Walsall South,House of Commons,2015,""
1272,Vernon Coaker,Labour Party,Gedling,House of Commons,2015,""
4372,Vicky Foxcroft,Labour Party,"Lewisham, Deptford",House of Commons,2015,""
4893,Victoria Atkins,Conservative Party,Louth and Horncastle,House of Commons,2015,""
6773,Victoria Borwick,Conservative Party,Kensington,House of Commons,2015,""
4907,Victoria Prentis,Conservative Party,Banbury,House of Commons,2015,""
1373,Virendra Sharma,Labour Party,"Ealing, Southall",House of Commons,2015,""
3906,Wayne David,Labour Party,Caerphilly,House of Commons,2015,""
5728,Wendy Morton,Conservative Party,Aldridge-Brownhills,House of Commons,2015,""
4360,Wes Streeting,Labour Party,Ilford North,House of Commons,2015,""
1613,Will Quince,Conservative Party,Colchester,House of Commons,2015,""
4197,William Wragg,Conservative Party,Hazel Grove,House of Commons,2015,""
662,Yasmin Qureshi,Labour Party,Bolton South East,House of Commons,2015,""
2607,Yvette Cooper,Labour Party,"Normanton, Pontefract and Castleford",House of Commons,2015,""
375,Yvonne Fovargue,Labour Party,Makerfield,House of Commons,2015,""
502,Zac Goldsmith,Conservative Party,Richmond Park,House of Commons,2015,""
